record_id,redcap_repeat_instrument,redcap_repeat_instance,redcap_survey_identifier,diario_de_bienestar_timestamp,introduction_wellbeing_v2,who5_1998_1_v2,who5_1998_2_v2,who5_1998_3_v2,who5_1998_4_v2,who5_1998_5_v2,uuid_2_v2,startdate_2_v2,enddate_2_v2,scheduledate_2_v2,status_2_v2,supplementaldata_2_v2,serializedresult_2_v2,diario_de_bienestar_complete
UCRS018,,,,,,,,,,,,,,,,,,
UCRS018,diario_de_bienestar,1,,,1,3,4,4,3,4,34467230-65EA-11F0-ADD9-177E307B24DE,"2025-07-20 22:21:42","2025-07-20 22:22:16",,1,"{    ""devicemanufacturer"": ""Google"",    ""deviceplatform"": ""Android"",    ""deviceversion"": ""16"",    ""syncdate"": ""2025-07-20 22:22:17"",    ""utcTime"": ""2025-07-21 04:21:42.227152Z"",    ""projectLanguageSelected"": ""en-US"",    ""timezone"": ""CST"",    ""appversion"": ""2.3.5"",    ""buildnumber"": ""180"",    ""configversion"": ""2"",    ""devicemodel"": ""Pixel 8 Pro"",    ""percentComplete"": ""100""  }",result.zip,0
UCRS018,diario_de_bienestar,2,,,1,4,3,4,3,4,9ADD14F0-66B1-11F0-8633-09ACFC1A8CFC,"2025-07-21 22:09:04","2025-07-21 22:09:30",,1,"{    ""devicemanufacturer"": ""Google"",    ""deviceplatform"": ""Android"",    ""deviceversion"": ""16"",    ""syncdate"": ""2025-07-21 22:09:30"",    ""utcTime"": ""2025-07-22 04:09:04.191219Z"",    ""projectLanguageSelected"": ""en-US"",    ""timezone"": ""CST"",    ""appversion"": ""2.3.5"",    ""buildnumber"": ""180"",    ""configversion"": ""2"",    ""devicemodel"": ""Pixel 8 Pro"",    ""percentComplete"": ""100""  }",result.zip,0
UCRS018,diario_de_bienestar,3,,,1,4,3,4,4,3,568393A0-677A-11F0-A5B6-09F5DCA26BB3,"2025-07-22 22:05:58","2025-07-22 22:06:19",,1,"{    ""devicemanufacturer"": ""Google"",    ""deviceplatform"": ""Android"",    ""deviceversion"": ""16"",    ""syncdate"": ""2025-07-22 22:06:20"",    ""utcTime"": ""2025-07-23 04:05:58.362266Z"",    ""projectLanguageSelected"": ""en-US"",    ""timezone"": ""CST"",    ""appversion"": ""2.3.5"",    ""buildnumber"": ""180"",    ""configversion"": ""2"",    ""devicemodel"": ""Pixel 8 Pro"",    ""percentComplete"": ""100""  }",result.zip,0
UCRS018,diario_de_bienestar,4,,,1,3,3,4,3,4,AA75FF50-6844-11F0-9153-37330AE8DA61,"2025-07-23 22:14:17","2025-07-23 22:14:33",,1,"{    ""devicemanufacturer"": ""Google"",    ""deviceplatform"": ""Android"",    ""deviceversion"": ""16"",    ""syncdate"": ""2025-07-23 22:14:34"",    ""utcTime"": ""2025-07-24 04:14:17.540997Z"",    ""projectLanguageSelected"": ""en-US"",    ""timezone"": ""CST"",    ""appversion"": ""2.3.5"",    ""buildnumber"": ""180"",    ""configversion"": ""2"",    ""devicemodel"": ""Pixel 8 Pro"",    ""percentComplete"": ""100""  }",result.zip,0
UCRS018,diario_de_bienestar,5,,,1,5,5,5,3,5,050A1C90-6934-11F0-8634-D371799E5574,"2025-07-25 02:47:39","2025-07-25 02:48:02",,1,"{    ""devicemanufacturer"": ""Google"",    ""deviceplatform"": ""Android"",    ""deviceversion"": ""16"",    ""syncdate"": ""2025-07-25 02:48:02"",    ""utcTime"": ""2025-07-25 08:47:39.225064Z"",    ""projectLanguageSelected"": ""en-US"",    ""timezone"": ""CST"",    ""appversion"": ""2.3.5"",    ""buildnumber"": ""180"",    ""configversion"": ""2"",    ""devicemodel"": ""Pixel 8 Pro"",    ""percentComplete"": ""100""  }",result.zip,0
UCRS018,diario_de_bienestar,6,,,1,3,5,4,2,4,126F0670-69F7-11F0-94EC-7BA5A0C69A8B,"2025-07-26 02:03:53","2025-07-26 02:04:10",,1,"{    ""devicemanufacturer"": ""Google"",    ""deviceplatform"": ""Android"",    ""deviceversion"": ""16"",    ""syncdate"": ""2025-07-26 02:04:10"",    ""utcTime"": ""2025-07-26 08:03:53.559522Z"",    ""projectLanguageSelected"": ""en-US"",    ""timezone"": ""CST"",    ""appversion"": ""2.3.5"",    ""buildnumber"": ""180"",    ""configversion"": ""2"",    ""devicemodel"": ""Pixel 8 Pro"",    ""percentComplete"": ""100""  }",result.zip,0
UCRS018,diario_de_bienestar,7,,,1,5,5,5,3,5,905FA880-6AAD-11F0-B5E5-1BE937267B86,"2025-07-26 23:50:13","2025-07-26 23:50:40",,1,"{    ""devicemanufacturer"": ""Google"",    ""deviceplatform"": ""Android"",    ""deviceversion"": ""16"",    ""syncdate"": ""2025-07-26 23:50:41"",    ""utcTime"": ""2025-07-27 05:50:13.256527Z"",    ""projectLanguageSelected"": ""en-US"",    ""timezone"": ""CST"",    ""appversion"": ""2.3.5"",    ""buildnumber"": ""180"",    ""configversion"": ""2"",    ""devicemodel"": ""Pixel 8 Pro"",    ""percentComplete"": ""100""  }",result.zip,0
UCRS018,diario_de_bienestar,8,,,1,3,3,2,3,3,D0C1D4A0-6B68-11F0-BDA0-1B880F2D4101,"2025-07-27 22:10:37","2025-07-27 22:10:56",,1,"{    ""devicemanufacturer"": ""Google"",    ""deviceplatform"": ""Android"",    ""deviceversion"": ""16"",    ""syncdate"": ""2025-07-27 22:10:57"",    ""utcTime"": ""2025-07-28 04:10:37.161884Z"",    ""projectLanguageSelected"": ""en-US"",    ""timezone"": ""CST"",    ""appversion"": ""2.3.5"",    ""buildnumber"": ""180"",    ""configversion"": ""2"",    ""devicemodel"": ""Pixel 8 Pro"",    ""percentComplete"": ""100""  }",result.zip,0
