record_id,redcap_repeat_instrument,redcap_repeat_instance,redcap_survey_identifier,diario_de_exposicion_a_la_luz_timestamp,mhla_confirm_v2,mhlea_confidence_v2,uuid_v2,startdate_v2,enddate_v2,scheduledate_v2,status_v2,supplementaldata_v2,serializedresult_v2,diario_de_exposicion_a_la_luz_complete
UCRS002,,,,,,,,,,,,,,
UCRS002,diario_de_exposicion_a_la_luz,1,,,,,,,,,,,,0
UCRS002,diario_de_exposicion_a_la_luz,2,,,1,3,236131C0-4B29-11F0-8D86-4FF62596868F,"2025-06-16 21:14:10","2025-06-16 21:14:46",,1,"{    ""devicemanufacturer"": ""samsung"",    ""deviceplatform"": ""Android"",    ""deviceversion"": ""14"",    ""syncdate"": ""2025-06-16 21:14:46"",    ""utcTime"": ""2025-06-17 03:14:10.779959Z"",    ""projectLanguageSelected"": ""en-US"",    ""timezone"": ""CST"",    ""appversion"": ""2.3.4"",    ""buildnumber"": ""178"",    ""configversion"": ""2"",    ""devicemodel"": ""SM-A155M"",    ""percentComplete"": ""100""  }",result.zip,0
UCRS002,diario_de_exposicion_a_la_luz,3,,,1,4,D15A96C0-4BEE-11F0-88A3-49481784A62A,"2025-06-17 20:49:13","2025-06-17 20:49:23",,1,"{    ""devicemanufacturer"": ""samsung"",    ""deviceplatform"": ""Android"",    ""deviceversion"": ""14"",    ""syncdate"": ""2025-06-17 20:49:23"",    ""utcTime"": ""2025-06-18 02:49:13.516836Z"",    ""projectLanguageSelected"": ""en-US"",    ""timezone"": ""CST"",    ""appversion"": ""2.3.4"",    ""buildnumber"": ""178"",    ""configversion"": ""2"",    ""devicemodel"": ""SM-A155M"",    ""percentComplete"": ""100""  }",result.zip,0
UCRS002,diario_de_exposicion_a_la_luz,4,,,1,4,64773B20-4CC1-11F0-8943-FFB4F3B08BA8,"2025-06-18 21:56:34","2025-06-18 21:56:43",,1,"{    ""devicemanufacturer"": ""samsung"",    ""deviceplatform"": ""Android"",    ""deviceversion"": ""14"",    ""syncdate"": ""2025-06-18 21:56:44"",    ""utcTime"": ""2025-06-19 03:56:34.642384Z"",    ""projectLanguageSelected"": ""en-US"",    ""timezone"": ""CST"",    ""appversion"": ""2.3.4"",    ""buildnumber"": ""178"",    ""configversion"": ""2"",    ""devicemodel"": ""SM-A155M"",    ""percentComplete"": ""100""  }",result.zip,0
UCRS002,diario_de_exposicion_a_la_luz,5,,,1,3,7BDB4850-4D7B-11F0-8530-875713A9D2C6,"2025-06-19 20:08:40","2025-06-19 20:08:48",,1,"{    ""devicemanufacturer"": ""samsung"",    ""deviceplatform"": ""Android"",    ""deviceversion"": ""14"",    ""syncdate"": ""2025-06-19 20:08:49"",    ""utcTime"": ""2025-06-20 02:08:40.277654Z"",    ""projectLanguageSelected"": ""en-US"",    ""timezone"": ""CST"",    ""appversion"": ""2.3.4"",    ""buildnumber"": ""178"",    ""configversion"": ""2"",    ""devicemodel"": ""SM-A155M"",    ""percentComplete"": ""100""  }",result.zip,0
UCRS002,diario_de_exposicion_a_la_luz,6,,,1,4,06F0FEA0-4E51-11F0-8530-875713A9D2C6,"2025-06-20 21:37:16","2025-06-20 21:37:24",,1,"{    ""devicemanufacturer"": ""samsung"",    ""deviceplatform"": ""Android"",    ""deviceversion"": ""14"",    ""syncdate"": ""2025-06-20 21:37:25"",    ""utcTime"": ""2025-06-21 03:37:16.426519Z"",    ""projectLanguageSelected"": ""en-US"",    ""timezone"": ""CST"",    ""appversion"": ""2.3.4"",    ""buildnumber"": ""178"",    ""configversion"": ""2"",    ""devicemodel"": ""SM-A155M"",    ""percentComplete"": ""100""  }",result.zip,0
UCRS002,diario_de_exposicion_a_la_luz,7,,,1,5,C1407070-4F27-11F0-B1A4-99342E52C0C4,"2025-06-21 23:14:21","2025-06-21 23:14:30",,1,"{    ""devicemanufacturer"": ""samsung"",    ""deviceplatform"": ""Android"",    ""deviceversion"": ""14"",    ""syncdate"": ""2025-06-21 23:14:30"",    ""utcTime"": ""2025-06-22 05:14:21.303391Z"",    ""projectLanguageSelected"": ""en-US"",    ""timezone"": ""CST"",    ""appversion"": ""2.3.4"",    ""buildnumber"": ""178"",    ""configversion"": ""2"",    ""devicemodel"": ""SM-A155M"",    ""percentComplete"": ""100""  }",result.zip,0
UCRS002,diario_de_exposicion_a_la_luz,8,,,1,4,DA404F20-4FE8-11F0-9F5A-5377AEA53CCF,"2025-06-22 22:16:36","2025-06-22 22:16:43",,1,"{    ""devicemanufacturer"": ""samsung"",    ""deviceplatform"": ""Android"",    ""deviceversion"": ""14"",    ""syncdate"": ""2025-06-22 22:16:43"",    ""utcTime"": ""2025-06-23 04:16:36.114953Z"",    ""projectLanguageSelected"": ""en-US"",    ""timezone"": ""CST"",    ""appversion"": ""2.3.4"",    ""buildnumber"": ""178"",    ""configversion"": ""2"",    ""devicemodel"": ""SM-A155M"",    ""percentComplete"": ""100""  }",result.zip,0
